jurisdiction,number_of_deaths,year,week,last_week
Alabama,1077,2020,1,37
Alabama,1124,2020,2,37
Alabama,1038,2020,3,37
Alabama,1053,2020,4,37
Alabama,1024,2020,5,37
Alabama,1117,2020,6,37
Alabama,1093,2020,7,37
Alabama,1096,2020,8,37
Alabama,1161,2020,9,37
Alabama,1053,2020,10,37
Alabama,1086,2020,11,37
Alabama,1056,2020,12,37
Alabama,1070,2020,13,37
Alabama,1151,2020,14,37
Alabama,1130,2020,15,37
Alabama,1137,2020,16,37
Alabama,1132,2020,17,37
Alabama,1147,2020,18,37
Alabama,1161,2020,19,37
Alabama,1141,2020,20,37
Alabama,1141,2020,21,37
Alabama,1096,2020,22,37
Alabama,1156,2020,23,37
Alabama,1130,2020,24,37
Alabama,1074,2020,25,37
Alabama,1135,2020,26,37
Alabama,1183,2020,27,37
Alabama,1240,2020,28,37
Alabama,1258,2020,29,37
Alabama,1299,2020,30,37
Alabama,1329,2020,31,37
Alabama,1308,2020,32,37
Alabama,1227,2020,33,37
Alabama,1183,2020,34,37
Alabama,1026,2020,35,37
Alabama,929,2020,36,37
Alabama,676,2020,37,37
Alaska,89,2020,1,37
Alaska,105,2020,2,37
Alaska,99,2020,3,37
Alaska,97,2020,4,37
Alaska,85,2020,5,37
Alaska,95,2020,6,37
Alaska,89,2020,7,37
Alaska,83,2020,8,37
Alaska,84,2020,9,37
Alaska,79,2020,10,37
Alaska,92,2020,11,37
Alaska,69,2020,12,37
Alaska,86,2020,13,37
Alaska,98,2020,14,37
Alaska,83,2020,15,37
Alaska,80,2020,16,37
Alaska,62,2020,17,37
Alaska,87,2020,18,37
Alaska,89,2020,19,37
Alaska,82,2020,20,37
Alaska,80,2020,21,37
Alaska,97,2020,22,37
Alaska,77,2020,23,37
Alaska,88,2020,24,37
Alaska,88,2020,25,37
Alaska,86,2020,26,37
Alaska,82,2020,27,37
Alaska,95,2020,28,37
Alaska,83,2020,29,37
Alaska,83,2020,30,37
Alaska,108,2020,31,37
Alaska,92,2020,32,37
Alaska,61,2020,33,37
Alaska,82,2020,34,37
Alaska,64,2020,35,37
Alaska,56,2020,36,37
Alaska,23,2020,37,37
Arizona,1299,2020,1,37
Arizona,1390,2020,2,37
Arizona,1315,2020,3,37
Arizona,1275,2020,4,37
Arizona,1264,2020,5,37
Arizona,1263,2020,6,37
Arizona,1311,2020,7,37
Arizona,1341,2020,8,37
Arizona,1352,2020,9,37
Arizona,1379,2020,10,37
Arizona,1349,2020,11,37
Arizona,1289,2020,12,37
Arizona,1323,2020,13,37
Arizona,1356,2020,14,37
Arizona,1402,2020,15,37
Arizona,1315,2020,16,37
Arizona,1383,2020,17,37
Arizona,1398,2020,18,37
Arizona,1426,2020,19,37
Arizona,1305,2020,20,37
Arizona,1288,2020,21,37
Arizona,1309,2020,22,37
Arizona,1397,2020,23,37
Arizona,1461,2020,24,37
Arizona,1546,2020,25,37
Arizona,1612,2020,26,37
Arizona,1771,2020,27,37
Arizona,1946,2020,28,37
Arizona,1979,2020,29,37
Arizona,1841,2020,30,37
Arizona,1781,2020,31,37
Arizona,1568,2020,32,37
Arizona,1505,2020,33,37
Arizona,1463,2020,34,37
Arizona,1415,2020,35,37
Arizona,1217,2020,36,37
Arizona,1089,2020,37,37
Arkansas,672,2020,1,37
Arkansas,685,2020,2,37
Arkansas,658,2020,3,37
Arkansas,616,2020,4,37
Arkansas,681,2020,5,37
Arkansas,672,2020,6,37
Arkansas,688,2020,7,37
Arkansas,695,2020,8,37
Arkansas,656,2020,9,37
Arkansas,696,2020,10,37
Arkansas,628,2020,11,37
Arkansas,635,2020,12,37
Arkansas,640,2020,13,37
Arkansas,606,2020,14,37
Arkansas,634,2020,15,37
Arkansas,637,2020,16,37
Arkansas,614,2020,17,37
Arkansas,630,2020,18,37
Arkansas,661,2020,19,37
Arkansas,582,2020,20,37
Arkansas,641,2020,21,37
Arkansas,610,2020,22,37
Arkansas,646,2020,23,37
Arkansas,650,2020,24,37
Arkansas,704,2020,25,37
Arkansas,663,2020,26,37
Arkansas,684,2020,27,37
Arkansas,658,2020,28,37
Arkansas,688,2020,29,37
Arkansas,708,2020,30,37
Arkansas,734,2020,31,37
Arkansas,719,2020,32,37
Arkansas,754,2020,33,37
Arkansas,717,2020,34,37
Arkansas,700,2020,35,37
Arkansas,647,2020,36,37
Arkansas,579,2020,37,37
California,5887,2020,1,37
California,5870,2020,2,37
California,5828,2020,3,37
California,5827,2020,4,37
California,5682,2020,5,37
California,5912,2020,6,37
California,5584,2020,7,37
California,5796,2020,8,37
California,5679,2020,9,37
California,5731,2020,10,37
California,5461,2020,11,37
California,5675,2020,12,37
California,5686,2020,13,37
California,5976,2020,14,37
California,6042,2020,15,37
California,6126,2020,16,37
California,5932,2020,17,37
California,5737,2020,18,37
California,5658,2020,19,37
California,5679,2020,20,37
California,5522,2020,21,37
California,5582,2020,22,37
California,5500,2020,23,37
California,5545,2020,24,37
California,5469,2020,25,37
California,5670,2020,26,37
California,5865,2020,27,37
California,5998,2020,28,37
California,6184,2020,29,37
California,6198,2020,30,37
California,6278,2020,31,37
California,6235,2020,32,37
California,6197,2020,33,37
California,6300,2020,34,37
California,5626,2020,35,37
California,5101,2020,36,37
California,4263,2020,37,37
Colorado,854,2020,1,37
Colorado,872,2020,2,37
Colorado,848,2020,3,37
Colorado,852,2020,4,37
Colorado,792,2020,5,37
Colorado,846,2020,6,37
Colorado,807,2020,7,37
Colorado,880,2020,8,37
Colorado,842,2020,9,37
Colorado,822,2020,10,37
Colorado,822,2020,11,37
Colorado,890,2020,12,37
Colorado,859,2020,13,37
Colorado,966,2020,14,37
Colorado,1096,2020,15,37
Colorado,1104,2020,16,37
Colorado,1066,2020,17,37
Colorado,996,2020,18,37
Colorado,904,2020,19,37
Colorado,883,2020,20,37
Colorado,846,2020,21,37
Colorado,833,2020,22,37
Colorado,820,2020,23,37
Colorado,812,2020,24,37
Colorado,857,2020,25,37
Colorado,876,2020,26,37
Colorado,783,2020,27,37
Colorado,813,2020,28,37
Colorado,808,2020,29,37
Colorado,830,2020,30,37
Colorado,805,2020,31,37
Colorado,836,2020,32,37
Colorado,821,2020,33,37
Colorado,847,2020,34,37
Colorado,798,2020,35,37
Colorado,704,2020,36,37
Colorado,709,2020,37,37
Connecticut,632,2020,1,37
Connecticut,629,2020,2,37
Connecticut,639,2020,3,37
Connecticut,652,2020,4,37
Connecticut,681,2020,5,37
Connecticut,647,2020,6,37
Connecticut,633,2020,7,37
Connecticut,647,2020,8,37
Connecticut,633,2020,9,37
Connecticut,622,2020,10,37
Connecticut,625,2020,11,37
Connecticut,667,2020,12,37
Connecticut,748,2020,13,37
Connecticut,888,2020,14,37
Connecticut,1260,2020,15,37
Connecticut,1388,2020,16,37
Connecticut,1339,2020,17,37
Connecticut,1166,2020,18,37
Connecticut,1048,2020,19,37
Connecticut,946,2020,20,37
Connecticut,816,2020,21,37
Connecticut,752,2020,22,37
Connecticut,660,2020,23,37
Connecticut,622,2020,24,37
Connecticut,569,2020,25,37
Connecticut,586,2020,26,37
Connecticut,537,2020,27,37
Connecticut,594,2020,28,37
Connecticut,550,2020,29,37
Connecticut,562,2020,30,37
Connecticut,495,2020,31,37
Connecticut,380,2020,32,37
Connecticut,334,2020,33,37
Connecticut,192,2020,34,37
Connecticut,97,2020,35,37
Connecticut,20,2020,36,37
Connecticut,,2020,37,37
Delaware,199,2020,1,37
Delaware,193,2020,2,37
Delaware,190,2020,3,37
Delaware,190,2020,4,37
Delaware,183,2020,5,37
Delaware,191,2020,6,37
Delaware,202,2020,7,37
Delaware,193,2020,8,37
Delaware,163,2020,9,37
Delaware,200,2020,10,37
Delaware,189,2020,11,37
Delaware,221,2020,12,37
Delaware,188,2020,13,37
Delaware,214,2020,14,37
Delaware,219,2020,15,37
Delaware,227,2020,16,37
Delaware,285,2020,17,37
Delaware,250,2020,18,37
Delaware,269,2020,19,37
Delaware,276,2020,20,37
Delaware,221,2020,21,37
Delaware,226,2020,22,37
Delaware,178,2020,23,37
Delaware,196,2020,24,37
Delaware,156,2020,25,37
Delaware,197,2020,26,37
Delaware,195,2020,27,37
Delaware,190,2020,28,37
Delaware,187,2020,29,37
Delaware,197,2020,30,37
Delaware,188,2020,31,37
Delaware,187,2020,32,37
Delaware,176,2020,33,37
Delaware,165,2020,34,37
Delaware,144,2020,35,37
Delaware,132,2020,36,37
Delaware,80,2020,37,37
District of Columbia,132,2020,1,37
District of Columbia,128,2020,2,37
District of Columbia,140,2020,3,37
District of Columbia,131,2020,4,37
District of Columbia,143,2020,5,37
District of Columbia,131,2020,6,37
District of Columbia,122,2020,7,37
District of Columbia,104,2020,8,37
District of Columbia,135,2020,9,37
District of Columbia,118,2020,10,37
District of Columbia,114,2020,11,37
District of Columbia,129,2020,12,37
District of Columbia,130,2020,13,37
District of Columbia,156,2020,14,37
District of Columbia,193,2020,15,37
District of Columbia,202,2020,16,37
District of Columbia,241,2020,17,37
District of Columbia,215,2020,18,37
District of Columbia,214,2020,19,37
District of Columbia,184,2020,20,37
District of Columbia,181,2020,21,37
District of Columbia,168,2020,22,37
District of Columbia,149,2020,23,37
District of Columbia,146,2020,24,37
District of Columbia,132,2020,25,37
District of Columbia,128,2020,26,37
District of Columbia,121,2020,27,37
District of Columbia,138,2020,28,37
District of Columbia,121,2020,29,37
District of Columbia,124,2020,30,37
District of Columbia,128,2020,31,37
District of Columbia,113,2020,32,37
District of Columbia,109,2020,33,37
District of Columbia,98,2020,34,37
District of Columbia,124,2020,35,37
District of Columbia,113,2020,36,37
District of Columbia,67,2020,37,37
Florida,4341,2020,1,37
Florida,4408,2020,2,37
Florida,4384,2020,3,37
Florida,4387,2020,4,37
Florida,4419,2020,5,37
Florida,4385,2020,6,37
Florida,4359,2020,7,37
Florida,4415,2020,8,37
Florida,4399,2020,9,37
Florida,4519,2020,10,37
Florida,4435,2020,11,37
Florida,4362,2020,12,37
Florida,4461,2020,13,37
Florida,4496,2020,14,37
Florida,4545,2020,15,37
Florida,4416,2020,16,37
Florida,4552,2020,17,37
Florida,4350,2020,18,37
Florida,4406,2020,19,37
Florida,4280,2020,20,37
Florida,4360,2020,21,37
Florida,4208,2020,22,37
Florida,4263,2020,23,37
Florida,4255,2020,24,37
Florida,4405,2020,25,37
Florida,4502,2020,26,37
Florida,4721,2020,27,37
Florida,5078,2020,28,37
Florida,5502,2020,29,37
Florida,5692,2020,30,37
Florida,5763,2020,31,37
Florida,5555,2020,32,37
Florida,5460,2020,33,37
Florida,5121,2020,34,37
Florida,4869,2020,35,37
Florida,4401,2020,36,37
Florida,3592,2020,37,37
Georgia,1799,2020,1,37
Georgia,1798,2020,2,37
Georgia,1739,2020,3,37
Georgia,1822,2020,4,37
Georgia,1789,2020,5,37
Georgia,1774,2020,6,37
Georgia,1752,2020,7,37
Georgia,1739,2020,8,37
Georgia,1851,2020,9,37
Georgia,1745,2020,10,37
Georgia,1778,2020,11,37
Georgia,1765,2020,12,37
Georgia,1869,2020,13,37
Georgia,2022,2020,14,37
Georgia,2021,2020,15,37
Georgia,2009,2020,16,37
Georgia,2023,2020,17,37
Georgia,1960,2020,18,37
Georgia,1973,2020,19,37
Georgia,1939,2020,20,37
Georgia,1881,2020,21,37
Georgia,1752,2020,22,37
Georgia,1743,2020,23,37
Georgia,1705,2020,24,37
Georgia,1711,2020,25,37
Georgia,1758,2020,26,37
Georgia,1818,2020,27,37
Georgia,1898,2020,28,37
Georgia,2070,2020,29,37
Georgia,2057,2020,30,37
Georgia,2039,2020,31,37
Georgia,2020,2020,32,37
Georgia,2040,2020,33,37
Georgia,1948,2020,34,37
Georgia,1696,2020,35,37
Georgia,1360,2020,36,37
Georgia,958,2020,37,37
Hawaii,241,2020,1,37
Hawaii,241,2020,2,37
Hawaii,214,2020,3,37
Hawaii,242,2020,4,37
Hawaii,242,2020,5,37
Hawaii,235,2020,6,37
Hawaii,281,2020,7,37
Hawaii,249,2020,8,37
Hawaii,237,2020,9,37
Hawaii,239,2020,10,37
Hawaii,243,2020,11,37
Hawaii,212,2020,12,37
Hawaii,235,2020,13,37
Hawaii,234,2020,14,37
Hawaii,221,2020,15,37
Hawaii,211,2020,16,37
Hawaii,200,2020,17,37
Hawaii,222,2020,18,37
Hawaii,210,2020,19,37
Hawaii,230,2020,20,37
Hawaii,208,2020,21,37
Hawaii,200,2020,22,37
Hawaii,217,2020,23,37
Hawaii,203,2020,24,37
Hawaii,244,2020,25,37
Hawaii,234,2020,26,37
Hawaii,206,2020,27,37
Hawaii,224,2020,28,37
Hawaii,204,2020,29,37
Hawaii,218,2020,30,37
Hawaii,217,2020,31,37
Hawaii,229,2020,32,37
Hawaii,220,2020,33,37
Hawaii,243,2020,34,37
Hawaii,250,2020,35,37
Hawaii,221,2020,36,37
Hawaii,216,2020,37,37
Idaho,278,2020,1,37
Idaho,292,2020,2,37
Idaho,293,2020,3,37
Idaho,275,2020,4,37
Idaho,249,2020,5,37
Idaho,292,2020,6,37
Idaho,279,2020,7,37
Idaho,318,2020,8,37
Idaho,290,2020,9,37
Idaho,278,2020,10,37
Idaho,282,2020,11,37
Idaho,308,2020,12,37
Idaho,332,2020,13,37
Idaho,271,2020,14,37
Idaho,306,2020,15,37
Idaho,283,2020,16,37
Idaho,262,2020,17,37
Idaho,252,2020,18,37
Idaho,304,2020,19,37
Idaho,269,2020,20,37
Idaho,261,2020,21,37
Idaho,279,2020,22,37
Idaho,292,2020,23,37
Idaho,287,2020,24,37
Idaho,282,2020,25,37
Idaho,296,2020,26,37
Idaho,281,2020,27,37
Idaho,287,2020,28,37
Idaho,312,2020,29,37
Idaho,328,2020,30,37
Idaho,327,2020,31,37
Idaho,311,2020,32,37
Idaho,317,2020,33,37
Idaho,358,2020,34,37
Idaho,323,2020,35,37
Idaho,325,2020,36,37
Idaho,269,2020,37,37
Illinois,2189,2020,1,37
Illinois,2250,2020,2,37
Illinois,2231,2020,3,37
Illinois,2198,2020,4,37
Illinois,2138,2020,5,37
Illinois,2231,2020,6,37
Illinois,2218,2020,7,37
Illinois,2206,2020,8,37
Illinois,2209,2020,9,37
Illinois,2252,2020,10,37
Illinois,2192,2020,11,37
Illinois,2281,2020,12,37
Illinois,2302,2020,13,37
Illinois,2622,2020,14,37
Illinois,2869,2020,15,37
Illinois,2911,2020,16,37
Illinois,3006,2020,17,37
Illinois,2948,2020,18,37
Illinois,2960,2020,19,37
Illinois,2863,2020,20,37
Illinois,2632,2020,21,37
Illinois,2544,2020,22,37
Illinois,2508,2020,23,37
Illinois,2267,2020,24,37
Illinois,2250,2020,25,37
Illinois,2129,2020,26,37
Illinois,2179,2020,27,37
Illinois,2187,2020,28,37
Illinois,2083,2020,29,37
Illinois,2030,2020,30,37
Illinois,2063,2020,31,37
Illinois,2127,2020,32,37
Illinois,2106,2020,33,37
Illinois,2120,2020,34,37
Illinois,2062,2020,35,37
Illinois,2099,2020,36,37
Illinois,1796,2020,37,37
Indiana,1469,2020,1,37
Indiana,1386,2020,2,37
Indiana,1388,2020,3,37
Indiana,1421,2020,4,37
Indiana,1378,2020,5,37
Indiana,1362,2020,6,37
Indiana,1426,2020,7,37
Indiana,1406,2020,8,37
Indiana,1447,2020,9,37
Indiana,1368,2020,10,37
Indiana,1398,2020,11,37
Indiana,1325,2020,12,37
Indiana,1481,2020,13,37
Indiana,1578,2020,14,37
Indiana,1625,2020,15,37
Indiana,1506,2020,16,37
Indiana,1591,2020,17,37
Indiana,1520,2020,18,37
Indiana,1572,2020,19,37
Indiana,1562,2020,20,37
Indiana,1461,2020,21,37
Indiana,1370,2020,22,37
Indiana,1382,2020,23,37
Indiana,1383,2020,24,37
Indiana,1337,2020,25,37
Indiana,1365,2020,26,37
Indiana,1320,2020,27,37
Indiana,1323,2020,28,37
Indiana,1352,2020,29,37
Indiana,1279,2020,30,37
Indiana,1308,2020,31,37
Indiana,1275,2020,32,37
Indiana,1281,2020,33,37
Indiana,1262,2020,34,37
Indiana,1227,2020,35,37
Indiana,1064,2020,36,37
Indiana,897,2020,37,37
Iowa,664,2020,1,37
Iowa,647,2020,2,37
Iowa,620,2020,3,37
Iowa,640,2020,4,37
Iowa,615,2020,5,37
Iowa,637,2020,6,37
Iowa,600,2020,7,37
Iowa,643,2020,8,37
Iowa,642,2020,9,37
Iowa,624,2020,10,37
Iowa,634,2020,11,37
Iowa,597,2020,12,37
Iowa,593,2020,13,37
Iowa,608,2020,14,37
Iowa,596,2020,15,37
Iowa,632,2020,16,37
Iowa,584,2020,17,37
Iowa,671,2020,18,37
Iowa,698,2020,19,37
Iowa,672,2020,20,37
Iowa,617,2020,21,37
Iowa,630,2020,22,37
Iowa,596,2020,23,37
Iowa,587,2020,24,37
Iowa,570,2020,25,37
Iowa,545,2020,26,37
Iowa,589,2020,27,37
Iowa,555,2020,28,37
Iowa,594,2020,29,37
Iowa,643,2020,30,37
Iowa,627,2020,31,37
Iowa,630,2020,32,37
Iowa,640,2020,33,37
Iowa,589,2020,34,37
Iowa,635,2020,35,37
Iowa,519,2020,36,37
Iowa,469,2020,37,37
Kansas,591,2020,1,37
Kansas,560,2020,2,37
Kansas,576,2020,3,37
Kansas,572,2020,4,37
Kansas,547,2020,5,37
Kansas,503,2020,6,37
Kansas,574,2020,7,37
Kansas,559,2020,8,37
Kansas,548,2020,9,37
Kansas,574,2020,10,37
Kansas,522,2020,11,37
Kansas,514,2020,12,37
Kansas,520,2020,13,37
Kansas,547,2020,14,37
Kansas,525,2020,15,37
Kansas,546,2020,16,37
Kansas,541,2020,17,37
Kansas,523,2020,18,37
Kansas,505,2020,19,37
Kansas,529,2020,20,37
Kansas,517,2020,21,37
Kansas,505,2020,22,37
Kansas,499,2020,23,37
Kansas,514,2020,24,37
Kansas,506,2020,25,37
Kansas,521,2020,26,37
Kansas,557,2020,27,37
Kansas,502,2020,28,37
Kansas,515,2020,29,37
Kansas,538,2020,30,37
Kansas,543,2020,31,37
Kansas,593,2020,32,37
Kansas,567,2020,33,37
Kansas,503,2020,34,37
Kansas,516,2020,35,37
Kansas,521,2020,36,37
Kansas,463,2020,37,37
Kentucky,1093,2020,1,37
Kentucky,1056,2020,2,37
Kentucky,1040,2020,3,37
Kentucky,941,2020,4,37
Kentucky,976,2020,5,37
Kentucky,955,2020,6,37
Kentucky,954,2020,7,37
Kentucky,991,2020,8,37
Kentucky,1016,2020,9,37
Kentucky,1004,2020,10,37
Kentucky,1017,2020,11,37
Kentucky,945,2020,12,37
Kentucky,936,2020,13,37
Kentucky,1045,2020,14,37
Kentucky,1024,2020,15,37
Kentucky,959,2020,16,37
Kentucky,968,2020,17,37
Kentucky,993,2020,18,37
Kentucky,1001,2020,19,37
Kentucky,991,2020,20,37
Kentucky,990,2020,21,37
Kentucky,985,2020,22,37
Kentucky,908,2020,23,37
Kentucky,986,2020,24,37
Kentucky,957,2020,25,37
Kentucky,929,2020,26,37
Kentucky,974,2020,27,37
Kentucky,1018,2020,28,37
Kentucky,911,2020,29,37
Kentucky,936,2020,30,37
Kentucky,980,2020,31,37
Kentucky,941,2020,32,37
Kentucky,911,2020,33,37
Kentucky,920,2020,34,37
Kentucky,787,2020,35,37
Kentucky,699,2020,36,37
Kentucky,479,2020,37,37
Louisiana,926,2020,1,37
Louisiana,964,2020,2,37
Louisiana,957,2020,3,37
Louisiana,967,2020,4,37
Louisiana,972,2020,5,37
Louisiana,952,2020,6,37
Louisiana,948,2020,7,37
Louisiana,947,2020,8,37
Louisiana,991,2020,9,37
Louisiana,958,2020,10,37
Louisiana,987,2020,11,37
Louisiana,950,2020,12,37
Louisiana,1224,2020,13,37
Louisiana,1380,2020,14,37
Louisiana,1522,2020,15,37
Louisiana,1354,2020,16,37
Louisiana,1241,2020,17,37
Louisiana,1167,2020,18,37
Louisiana,1123,2020,19,37
Louisiana,1096,2020,20,37
Louisiana,1047,2020,21,37
Louisiana,1044,2020,22,37
Louisiana,1004,2020,23,37
Louisiana,939,2020,24,37
Louisiana,986,2020,25,37
Louisiana,981,2020,26,37
Louisiana,962,2020,27,37
Louisiana,1015,2020,28,37
Louisiana,1095,2020,29,37
Louisiana,1152,2020,30,37
Louisiana,1123,2020,31,37
Louisiana,1108,2020,32,37
Louisiana,1010,2020,33,37
Louisiana,903,2020,34,37
Louisiana,791,2020,35,37
Louisiana,693,2020,36,37
Louisiana,455,2020,37,37
Maine,320,2020,1,37
Maine,318,2020,2,37
Maine,295,2020,3,37
Maine,308,2020,4,37
Maine,288,2020,5,37
Maine,316,2020,6,37
Maine,329,2020,7,37
Maine,299,2020,8,37
Maine,292,2020,9,37
Maine,313,2020,10,37
Maine,301,2020,11,37
Maine,277,2020,12,37
Maine,279,2020,13,37
Maine,300,2020,14,37
Maine,304,2020,15,37
Maine,310,2020,16,37
Maine,285,2020,17,37
Maine,277,2020,18,37
Maine,293,2020,19,37
Maine,256,2020,20,37
Maine,267,2020,21,37
Maine,302,2020,22,37
Maine,255,2020,23,37
Maine,254,2020,24,37
Maine,275,2020,25,37
Maine,299,2020,26,37
Maine,279,2020,27,37
Maine,289,2020,28,37
Maine,294,2020,29,37
Maine,282,2020,30,37
Maine,283,2020,31,37
Maine,276,2020,32,37
Maine,279,2020,33,37
Maine,312,2020,34,37
Maine,281,2020,35,37
Maine,287,2020,36,37
Maine,308,2020,37,37
Maryland,1049,2020,1,37
Maryland,1035,2020,2,37
Maryland,988,2020,3,37
Maryland,1003,2020,4,37
Maryland,1034,2020,5,37
Maryland,1004,2020,6,37
Maryland,1019,2020,7,37
Maryland,973,2020,8,37
Maryland,1081,2020,9,37
Maryland,1048,2020,10,37
Maryland,1006,2020,11,37
Maryland,1063,2020,12,37
Maryland,1092,2020,13,37
Maryland,1190,2020,14,37
Maryland,1351,2020,15,37
Maryland,1357,2020,16,37
Maryland,1537,2020,17,37
Maryland,1521,2020,18,37
Maryland,1444,2020,19,37
Maryland,1425,2020,20,37
Maryland,1332,2020,21,37
Maryland,1256,2020,22,37
Maryland,1167,2020,23,37
Maryland,1153,2020,24,37
Maryland,1065,2020,25,37
Maryland,1024,2020,26,37
Maryland,1043,2020,27,37
Maryland,1026,2020,28,37
Maryland,1013,2020,29,37
Maryland,989,2020,30,37
Maryland,1054,2020,31,37
Maryland,993,2020,32,37
Maryland,1041,2020,33,37
Maryland,980,2020,34,37
Maryland,1000,2020,35,37
Maryland,967,2020,36,37
Maryland,852,2020,37,37
Massachusetts,1237,2020,1,37
Massachusetts,1267,2020,2,37
Massachusetts,1188,2020,3,37
Massachusetts,1302,2020,4,37
Massachusetts,1204,2020,5,37
Massachusetts,1233,2020,6,37
Massachusetts,1250,2020,7,37
Massachusetts,1166,2020,8,37
Massachusetts,1278,2020,9,37
Massachusetts,1213,2020,10,37
Massachusetts,1310,2020,11,37
Massachusetts,1169,2020,12,37
Massachusetts,1287,2020,13,37
Massachusetts,1549,2020,14,37
Massachusetts,2037,2020,15,37
Massachusetts,2492,2020,16,37
Massachusetts,2533,2020,17,37
Massachusetts,2305,2020,18,37
Massachusetts,2068,2020,19,37
Massachusetts,1878,2020,20,37
Massachusetts,1575,2020,21,37
Massachusetts,1353,2020,22,37
Massachusetts,1233,2020,23,37
Massachusetts,1137,2020,24,37
Massachusetts,1122,2020,25,37
Massachusetts,1081,2020,26,37
Massachusetts,1045,2020,27,37
Massachusetts,1044,2020,28,37
Massachusetts,1056,2020,29,37
Massachusetts,1088,2020,30,37
Massachusetts,1013,2020,31,37
Massachusetts,982,2020,32,37
Massachusetts,1043,2020,33,37
Massachusetts,1021,2020,34,37
Massachusetts,1039,2020,35,37
Massachusetts,979,2020,36,37
Massachusetts,920,2020,37,37
Michigan,2013,2020,1,37
Michigan,2064,2020,2,37
Michigan,1937,2020,3,37
Michigan,2009,2020,4,37
Michigan,2003,2020,5,37
Michigan,1937,2020,6,37
Michigan,2011,2020,7,37
Michigan,2054,2020,8,37
Michigan,1969,2020,9,37
Michigan,1984,2020,10,37
Michigan,1949,2020,11,37
Michigan,2032,2020,12,37
Michigan,2427,2020,13,37
Michigan,3106,2020,14,37
Michigan,3376,2020,15,37
Michigan,3151,2020,16,37
Michigan,2798,2020,17,37
Michigan,2585,2020,18,37
Michigan,2233,2020,19,37
Michigan,2156,2020,20,37
Michigan,2008,2020,21,37
Michigan,1954,2020,22,37
Michigan,1995,2020,23,37
Michigan,1852,2020,24,37
Michigan,1876,2020,25,37
Michigan,1905,2020,26,37
Michigan,1973,2020,27,37
Michigan,1881,2020,28,37
Michigan,1860,2020,29,37
Michigan,1880,2020,30,37
Michigan,1941,2020,31,37
Michigan,1848,2020,32,37
Michigan,1988,2020,33,37
Michigan,1877,2020,34,37
Michigan,1874,2020,35,37
Michigan,1857,2020,36,37
Michigan,1672,2020,37,37
Minnesota,1009,2020,1,37
Minnesota,950,2020,2,37
Minnesota,945,2020,3,37
Minnesota,957,2020,4,37
Minnesota,942,2020,5,37
Minnesota,919,2020,6,37
Minnesota,941,2020,7,37
Minnesota,912,2020,8,37
Minnesota,932,2020,9,37
Minnesota,944,2020,10,37
Minnesota,882,2020,11,37
Minnesota,893,2020,12,37
Minnesota,906,2020,13,37
Minnesota,922,2020,14,37
Minnesota,937,2020,15,37
Minnesota,946,2020,16,37
Minnesota,1013,2020,17,37
Minnesota,1040,2020,18,37
Minnesota,1054,2020,19,37
Minnesota,997,2020,20,37
Minnesota,1001,2020,21,37
Minnesota,1015,2020,22,37
Minnesota,1037,2020,23,37
Minnesota,972,2020,24,37
Minnesota,936,2020,25,37
Minnesota,833,2020,26,37
Minnesota,873,2020,27,37
Minnesota,859,2020,28,37
Minnesota,858,2020,29,37
Minnesota,870,2020,30,37
Minnesota,798,2020,31,37
Minnesota,868,2020,32,37
Minnesota,853,2020,33,37
Minnesota,852,2020,34,37
Minnesota,817,2020,35,37
Minnesota,768,2020,36,37
Minnesota,734,2020,37,37
Mississippi,673,2020,1,37
Mississippi,648,2020,2,37
Mississippi,624,2020,3,37
Mississippi,610,2020,4,37
Mississippi,604,2020,5,37
Mississippi,702,2020,6,37
Mississippi,645,2020,7,37
Mississippi,623,2020,8,37
Mississippi,662,2020,9,37
Mississippi,660,2020,10,37
Mississippi,620,2020,11,37
Mississippi,624,2020,12,37
Mississippi,693,2020,13,37
Mississippi,706,2020,14,37
Mississippi,694,2020,15,37
Mississippi,731,2020,16,37
Mississippi,747,2020,17,37
Mississippi,745,2020,18,37
Mississippi,745,2020,19,37
Mississippi,774,2020,20,37
Mississippi,719,2020,21,37
Mississippi,745,2020,22,37
Mississippi,725,2020,23,37
Mississippi,700,2020,24,37
Mississippi,739,2020,25,37
Mississippi,712,2020,26,37
Mississippi,707,2020,27,37
Mississippi,779,2020,28,37
Mississippi,769,2020,29,37
Mississippi,861,2020,30,37
Mississippi,847,2020,31,37
Mississippi,893,2020,32,37
Mississippi,825,2020,33,37
Mississippi,762,2020,34,37
Mississippi,720,2020,35,37
Mississippi,622,2020,36,37
Mississippi,532,2020,37,37
Missouri,1327,2020,1,37
Missouri,1333,2020,2,37
Missouri,1332,2020,3,37
Missouri,1348,2020,4,37
Missouri,1360,2020,5,37
Missouri,1328,2020,6,37
Missouri,1345,2020,7,37
Missouri,1357,2020,8,37
Missouri,1364,2020,9,37
Missouri,1390,2020,10,37
Missouri,1297,2020,11,37
Missouri,1265,2020,12,37
Missouri,1336,2020,13,37
Missouri,1294,2020,14,37
Missouri,1460,2020,15,37
Missouri,1347,2020,16,37
Missouri,1440,2020,17,37
Missouri,1386,2020,18,37
Missouri,1417,2020,19,37
Missouri,1341,2020,20,37
Missouri,1287,2020,21,37
Missouri,1229,2020,22,37
Missouri,1270,2020,23,37
Missouri,1242,2020,24,37
Missouri,1210,2020,25,37
Missouri,1256,2020,26,37
Missouri,1255,2020,27,37
Missouri,1251,2020,28,37
Missouri,1323,2020,29,37
Missouri,1292,2020,30,37
Missouri,1286,2020,31,37
Missouri,1261,2020,32,37
Missouri,1270,2020,33,37
Missouri,1229,2020,34,37
Missouri,1136,2020,35,37
Missouri,1069,2020,36,37
Missouri,861,2020,37,37
Montana,231,2020,1,37
Montana,211,2020,2,37
Montana,202,2020,3,37
Montana,196,2020,4,37
Montana,218,2020,5,37
Montana,202,2020,6,37
Montana,198,2020,7,37
Montana,218,2020,8,37
Montana,235,2020,9,37
Montana,221,2020,10,37
Montana,218,2020,11,37
Montana,228,2020,12,37
Montana,205,2020,13,37
Montana,177,2020,14,37
Montana,216,2020,15,37
Montana,191,2020,16,37
Montana,187,2020,17,37
Montana,204,2020,18,37
Montana,177,2020,19,37
Montana,205,2020,20,37
Montana,180,2020,21,37
Montana,179,2020,22,37
Montana,178,2020,23,37
Montana,223,2020,24,37
Montana,198,2020,25,37
Montana,198,2020,26,37
Montana,174,2020,27,37
Montana,189,2020,28,37
Montana,203,2020,29,37
Montana,223,2020,30,37
Montana,215,2020,31,37
Montana,215,2020,32,37
Montana,204,2020,33,37
Montana,232,2020,34,37
Montana,183,2020,35,37
Montana,210,2020,36,37
Montana,131,2020,37,37
Nebraska,345,2020,1,37
Nebraska,362,2020,2,37
Nebraska,333,2020,3,37
Nebraska,358,2020,4,37
Nebraska,373,2020,5,37
Nebraska,345,2020,6,37
Nebraska,327,2020,7,37
Nebraska,318,2020,8,37
Nebraska,341,2020,9,37
Nebraska,355,2020,10,37
Nebraska,343,2020,11,37
Nebraska,350,2020,12,37
Nebraska,331,2020,13,37
Nebraska,310,2020,14,37
Nebraska,343,2020,15,37
Nebraska,353,2020,16,37
Nebraska,353,2020,17,37
Nebraska,344,2020,18,37
Nebraska,338,2020,19,37
Nebraska,352,2020,20,37
Nebraska,347,2020,21,37
Nebraska,375,2020,22,37
Nebraska,318,2020,23,37
Nebraska,317,2020,24,37
Nebraska,370,2020,25,37
Nebraska,317,2020,26,37
Nebraska,304,2020,27,37
Nebraska,315,2020,28,37
Nebraska,324,2020,29,37
Nebraska,357,2020,30,37
Nebraska,356,2020,31,37
Nebraska,370,2020,32,37
Nebraska,344,2020,33,37
Nebraska,351,2020,34,37
Nebraska,302,2020,35,37
Nebraska,301,2020,36,37
Nebraska,234,2020,37,37
Nevada,521,2020,1,37
Nevada,556,2020,2,37
Nevada,605,2020,3,37
Nevada,577,2020,4,37
Nevada,532,2020,5,37
Nevada,579,2020,6,37
Nevada,528,2020,7,37
Nevada,545,2020,8,37
Nevada,543,2020,9,37
Nevada,535,2020,10,37
Nevada,515,2020,11,37
Nevada,508,2020,12,37
Nevada,542,2020,13,37
Nevada,592,2020,14,37
Nevada,587,2020,15,37
Nevada,545,2020,16,37
Nevada,565,2020,17,37
Nevada,547,2020,18,37
Nevada,544,2020,19,37
Nevada,514,2020,20,37
Nevada,535,2020,21,37
Nevada,543,2020,22,37
Nevada,562,2020,23,37
Nevada,543,2020,24,37
Nevada,518,2020,25,37
Nevada,554,2020,26,37
Nevada,524,2020,27,37
Nevada,626,2020,28,37
Nevada,629,2020,29,37
Nevada,640,2020,30,37
Nevada,599,2020,31,37
Nevada,660,2020,32,37
Nevada,629,2020,33,37
Nevada,605,2020,34,37
Nevada,579,2020,35,37
Nevada,541,2020,36,37
Nevada,398,2020,37,37
New Hampshire,261,2020,1,37
New Hampshire,263,2020,2,37
New Hampshire,245,2020,3,37
New Hampshire,241,2020,4,37
New Hampshire,240,2020,5,37
New Hampshire,256,2020,6,37
New Hampshire,236,2020,7,37
New Hampshire,277,2020,8,37
New Hampshire,228,2020,9,37
New Hampshire,266,2020,10,37
New Hampshire,240,2020,11,37
New Hampshire,252,2020,12,37
New Hampshire,258,2020,13,37
New Hampshire,248,2020,14,37
New Hampshire,270,2020,15,37
New Hampshire,242,2020,16,37
New Hampshire,274,2020,17,37
New Hampshire,265,2020,18,37
New Hampshire,292,2020,19,37
New Hampshire,285,2020,20,37
New Hampshire,268,2020,21,37
New Hampshire,250,2020,22,37
New Hampshire,259,2020,23,37
New Hampshire,302,2020,24,37
New Hampshire,238,2020,25,37
New Hampshire,250,2020,26,37
New Hampshire,247,2020,27,37
New Hampshire,248,2020,28,37
New Hampshire,230,2020,29,37
New Hampshire,266,2020,30,37
New Hampshire,247,2020,31,37
New Hampshire,233,2020,32,37
New Hampshire,229,2020,33,37
New Hampshire,249,2020,34,37
New Hampshire,229,2020,35,37
New Hampshire,230,2020,36,37
New Hampshire,214,2020,37,37
New Jersey,1628,2020,1,37
New Jersey,1587,2020,2,37
New Jersey,1489,2020,3,37
New Jersey,1580,2020,4,37
New Jersey,1516,2020,5,37
New Jersey,1492,2020,6,37
New Jersey,1487,2020,7,37
New Jersey,1493,2020,8,37
New Jersey,1571,2020,9,37
New Jersey,1507,2020,10,37
New Jersey,1475,2020,11,37
New Jersey,1595,2020,12,37
New Jersey,2120,2020,13,37
New Jersey,3477,2020,14,37
New Jersey,4763,2020,15,37
New Jersey,4723,2020,16,37
New Jersey,3967,2020,17,37
New Jersey,3176,2020,18,37
New Jersey,2596,2020,19,37
New Jersey,2277,2020,20,37
New Jersey,1927,2020,21,37
New Jersey,1742,2020,22,37
New Jersey,1577,2020,23,37
New Jersey,1478,2020,24,37
New Jersey,1409,2020,25,37
New Jersey,1436,2020,26,37
New Jersey,1401,2020,27,37
New Jersey,1379,2020,28,37
New Jersey,1320,2020,29,37
New Jersey,1360,2020,30,37
New Jersey,1376,2020,31,37
New Jersey,1334,2020,32,37
New Jersey,1296,2020,33,37
New Jersey,1330,2020,34,37
New Jersey,1310,2020,35,37
New Jersey,1347,2020,36,37
New Jersey,1146,2020,37,37
New Mexico,402,2020,1,37
New Mexico,408,2020,2,37
New Mexico,387,2020,3,37
New Mexico,397,2020,4,37
New Mexico,368,2020,5,37
New Mexico,369,2020,6,37
New Mexico,381,2020,7,37
New Mexico,386,2020,8,37
New Mexico,394,2020,9,37
New Mexico,392,2020,10,37
New Mexico,340,2020,11,37
New Mexico,385,2020,12,37
New Mexico,360,2020,13,37
New Mexico,391,2020,14,37
New Mexico,402,2020,15,37
New Mexico,414,2020,16,37
New Mexico,401,2020,17,37
New Mexico,416,2020,18,37
New Mexico,430,2020,19,37
New Mexico,461,2020,20,37
New Mexico,390,2020,21,37
New Mexico,422,2020,22,37
New Mexico,441,2020,23,37
New Mexico,427,2020,24,37
New Mexico,401,2020,25,37
New Mexico,389,2020,26,37
New Mexico,434,2020,27,37
New Mexico,391,2020,28,37
New Mexico,381,2020,29,37
New Mexico,403,2020,30,37
New Mexico,385,2020,31,37
New Mexico,388,2020,32,37
New Mexico,357,2020,33,37
New Mexico,352,2020,34,37
New Mexico,340,2020,35,37
New Mexico,289,2020,36,37
New Mexico,222,2020,37,37
New York,2164,2020,1,37
New York,2092,2020,2,37
New York,2167,2020,3,37
New York,2023,2020,4,37
New York,2028,2020,5,37
New York,2058,2020,6,37
New York,1988,2020,7,37
New York,2032,2020,8,37
New York,2161,2020,9,37
New York,2071,2020,10,37
New York,1981,2020,11,37
New York,2127,2020,12,37
New York,2542,2020,13,37
New York,3769,2020,14,37
New York,4661,2020,15,37
New York,4460,2020,16,37
New York,3737,2020,17,37
New York,3128,2020,18,37
New York,2779,2020,19,37
New York,2504,2020,20,37
New York,2240,2020,21,37
New York,2109,2020,22,37
New York,1966,2020,23,37
New York,1894,2020,24,37
New York,1890,2020,25,37
New York,1923,2020,26,37
New York,1871,2020,27,37
New York,1871,2020,28,37
New York,1831,2020,29,37
New York,1799,2020,30,37
New York,1864,2020,31,37
New York,1857,2020,32,37
New York,1807,2020,33,37
New York,1865,2020,34,37
New York,1789,2020,35,37
New York,1766,2020,36,37
New York,1718,2020,37,37
New York City,1155,2020,1,37
New York City,1137,2020,2,37
New York City,1129,2020,3,37
New York City,1182,2020,4,37
New York City,1171,2020,5,37
New York City,1171,2020,6,37
New York City,1130,2020,7,37
New York City,1096,2020,8,37
New York City,1110,2020,9,37
New York City,1113,2020,10,37
New York City,1136,2020,11,37
New York City,1405,2020,12,37
New York City,2804,2020,13,37
New York City,6296,2020,14,37
New York City,7863,2020,15,37
New York City,5902,2020,16,37
New York City,4049,2020,17,37
New York City,2847,2020,18,37
New York City,2074,2020,19,37
New York City,1604,2020,20,37
New York City,1310,2020,21,37
New York City,1166,2020,22,37
New York City,1113,2020,23,37
New York City,1098,2020,24,37
New York City,990,2020,25,37
New York City,1072,2020,26,37
New York City,990,2020,27,37
New York City,1026,2020,28,37
New York City,969,2020,29,37
New York City,1020,2020,30,37
New York City,986,2020,31,37
New York City,960,2020,32,37
New York City,986,2020,33,37
New York City,961,2020,34,37
New York City,991,2020,35,37
New York City,964,2020,36,37
New York City,918,2020,37,37
North Carolina,2004,2020,1,37
North Carolina,1985,2020,2,37
North Carolina,1901,2020,3,37
North Carolina,1993,2020,4,37
North Carolina,1984,2020,5,37
North Carolina,2055,2020,6,37
North Carolina,2061,2020,7,37
North Carolina,1926,2020,8,37
North Carolina,1970,2020,9,37
North Carolina,2034,2020,10,37
North Carolina,2024,2020,11,37
North Carolina,2052,2020,12,37
North Carolina,1876,2020,13,37
North Carolina,2021,2020,14,37
North Carolina,2015,2020,15,37
North Carolina,2024,2020,16,37
North Carolina,2105,2020,17,37
North Carolina,1943,2020,18,37
North Carolina,2053,2020,19,37
North Carolina,2040,2020,20,37
North Carolina,2056,2020,21,37
North Carolina,1982,2020,22,37
North Carolina,1958,2020,23,37
North Carolina,1863,2020,24,37
North Carolina,1908,2020,25,37
North Carolina,1898,2020,26,37
North Carolina,1927,2020,27,37
North Carolina,1809,2020,28,37
North Carolina,1647,2020,29,37
North Carolina,1251,2020,30,37
North Carolina,640,2020,31,37
North Carolina,1383,2020,32,37
North Carolina,879,2020,33,37
North Carolina,184,2020,34,37
North Dakota,149,2020,1,37
North Dakota,151,2020,2,37
North Dakota,171,2020,3,37
North Dakota,147,2020,4,37
North Dakota,130,2020,5,37
North Dakota,137,2020,6,37
North Dakota,148,2020,7,37
North Dakota,176,2020,8,37
North Dakota,153,2020,9,37
North Dakota,171,2020,10,37
North Dakota,148,2020,11,37
North Dakota,150,2020,12,37
North Dakota,119,2020,13,37
North Dakota,140,2020,14,37
North Dakota,158,2020,15,37
North Dakota,157,2020,16,37
North Dakota,158,2020,17,37
North Dakota,148,2020,18,37
North Dakota,141,2020,19,37
North Dakota,152,2020,20,37
North Dakota,140,2020,21,37
North Dakota,143,2020,22,37
North Dakota,160,2020,23,37
North Dakota,143,2020,24,37
North Dakota,141,2020,25,37
North Dakota,131,2020,26,37
North Dakota,115,2020,27,37
North Dakota,135,2020,28,37
North Dakota,134,2020,29,37
North Dakota,130,2020,30,37
North Dakota,130,2020,31,37
North Dakota,140,2020,32,37
North Dakota,111,2020,33,37
North Dakota,87,2020,34,37
North Dakota,91,2020,35,37
North Dakota,94,2020,36,37
North Dakota,63,2020,37,37
Ohio,2541,2020,1,37
Ohio,2610,2020,2,37
Ohio,2474,2020,3,37
Ohio,2563,2020,4,37
Ohio,2492,2020,5,37
Ohio,2532,2020,6,37
Ohio,2490,2020,7,37
Ohio,2525,2020,8,37
Ohio,2457,2020,9,37
Ohio,2506,2020,10,37
Ohio,2548,2020,11,37
Ohio,2515,2020,12,37
Ohio,2504,2020,13,37
Ohio,2560,2020,14,37
Ohio,2621,2020,15,37
Ohio,2644,2020,16,37
Ohio,2826,2020,17,37
Ohio,2724,2020,18,37
Ohio,2611,2020,19,37
Ohio,2675,2020,20,37
Ohio,2653,2020,21,37
Ohio,2507,2020,22,37
Ohio,2579,2020,23,37
Ohio,2410,2020,24,37
Ohio,2385,2020,25,37
Ohio,2403,2020,26,37
Ohio,2474,2020,27,37
Ohio,2469,2020,28,37
Ohio,2502,2020,29,37
Ohio,2472,2020,30,37
Ohio,2564,2020,31,37
Ohio,2508,2020,32,37
Ohio,2459,2020,33,37
Ohio,2385,2020,34,37
Ohio,2109,2020,35,37
Ohio,1487,2020,36,37
Ohio,1104,2020,37,37
Oklahoma,891,2020,1,37
Oklahoma,797,2020,2,37
Oklahoma,778,2020,3,37
Oklahoma,684,2020,4,37
Oklahoma,724,2020,5,37
Oklahoma,804,2020,6,37
Oklahoma,785,2020,7,37
Oklahoma,752,2020,8,37
Oklahoma,793,2020,9,37
Oklahoma,795,2020,10,37
Oklahoma,791,2020,11,37
Oklahoma,826,2020,12,37
Oklahoma,852,2020,13,37
Oklahoma,776,2020,14,37
Oklahoma,847,2020,15,37
Oklahoma,782,2020,16,37
Oklahoma,733,2020,17,37
Oklahoma,696,2020,18,37
Oklahoma,776,2020,19,37
Oklahoma,729,2020,20,37
Oklahoma,809,2020,21,37
Oklahoma,739,2020,22,37
Oklahoma,783,2020,23,37
Oklahoma,764,2020,24,37
Oklahoma,735,2020,25,37
Oklahoma,762,2020,26,37
Oklahoma,774,2020,27,37
Oklahoma,766,2020,28,37
Oklahoma,781,2020,29,37
Oklahoma,892,2020,30,37
Oklahoma,864,2020,31,37
Oklahoma,790,2020,32,37
Oklahoma,821,2020,33,37
Oklahoma,813,2020,34,37
Oklahoma,710,2020,35,37
Oklahoma,680,2020,36,37
Oklahoma,495,2020,37,37
Oregon,737,2020,1,37
Oregon,764,2020,2,37
Oregon,769,2020,3,37
Oregon,745,2020,4,37
Oregon,728,2020,5,37
Oregon,727,2020,6,37
Oregon,783,2020,7,37
Oregon,732,2020,8,37
Oregon,735,2020,9,37
Oregon,788,2020,10,37
Oregon,744,2020,11,37
Oregon,774,2020,12,37
Oregon,768,2020,13,37
Oregon,778,2020,14,37
Oregon,768,2020,15,37
Oregon,765,2020,16,37
Oregon,769,2020,17,37
Oregon,713,2020,18,37
Oregon,703,2020,19,37
Oregon,715,2020,20,37
Oregon,743,2020,21,37
Oregon,747,2020,22,37
Oregon,682,2020,23,37
Oregon,725,2020,24,37
Oregon,727,2020,25,37
Oregon,681,2020,26,37
Oregon,757,2020,27,37
Oregon,710,2020,28,37
Oregon,750,2020,29,37
Oregon,732,2020,30,37
Oregon,711,2020,31,37
Oregon,743,2020,32,37
Oregon,733,2020,33,37
Oregon,721,2020,34,37
Oregon,603,2020,35,37
Oregon,480,2020,36,37
Oregon,374,2020,37,37
Pennsylvania,2761,2020,1,37
Pennsylvania,2819,2020,2,37
Pennsylvania,2828,2020,3,37
Pennsylvania,2761,2020,4,37
Pennsylvania,2779,2020,5,37
Pennsylvania,2764,2020,6,37
Pennsylvania,2785,2020,7,37
Pennsylvania,2674,2020,8,37
Pennsylvania,2751,2020,9,37
Pennsylvania,2738,2020,10,37
Pennsylvania,2774,2020,11,37
Pennsylvania,2563,2020,12,37
Pennsylvania,2727,2020,13,37
Pennsylvania,3001,2020,14,37
Pennsylvania,3444,2020,15,37
Pennsylvania,3725,2020,16,37
Pennsylvania,3797,2020,17,37
Pennsylvania,3544,2020,18,37
Pennsylvania,3401,2020,19,37
Pennsylvania,3233,2020,20,37
Pennsylvania,2925,2020,21,37
Pennsylvania,2758,2020,22,37
Pennsylvania,2677,2020,23,37
Pennsylvania,2541,2020,24,37
Pennsylvania,2590,2020,25,37
Pennsylvania,2542,2020,26,37
Pennsylvania,2577,2020,27,37
Pennsylvania,2650,2020,28,37
Pennsylvania,2530,2020,29,37
Pennsylvania,2507,2020,30,37
Pennsylvania,2607,2020,31,37
Pennsylvania,2500,2020,32,37
Pennsylvania,2627,2020,33,37
Pennsylvania,2561,2020,34,37
Pennsylvania,2456,2020,35,37
Pennsylvania,2164,2020,36,37
Pennsylvania,1827,2020,37,37
Puerto Rico,552,2020,1,37
Puerto Rico,588,2020,2,37
Puerto Rico,652,2020,3,37
Puerto Rico,621,2020,4,37
Puerto Rico,582,2020,5,37
Puerto Rico,602,2020,6,37
Puerto Rico,614,2020,7,37
Puerto Rico,611,2020,8,37
Puerto Rico,618,2020,9,37
Puerto Rico,615,2020,10,37
Puerto Rico,595,2020,11,37
Puerto Rico,620,2020,12,37
Puerto Rico,637,2020,13,37
Puerto Rico,572,2020,14,37
Puerto Rico,589,2020,15,37
Puerto Rico,554,2020,16,37
Puerto Rico,535,2020,17,37
Puerto Rico,539,2020,18,37
Puerto Rico,557,2020,19,37
Puerto Rico,534,2020,20,37
Puerto Rico,545,2020,21,37
Puerto Rico,551,2020,22,37
Puerto Rico,571,2020,23,37
Puerto Rico,548,2020,24,37
Puerto Rico,580,2020,25,37
Puerto Rico,525,2020,26,37
Puerto Rico,531,2020,27,37
Puerto Rico,560,2020,28,37
Puerto Rico,572,2020,29,37
Puerto Rico,564,2020,30,37
Puerto Rico,531,2020,31,37
Puerto Rico,434,2020,32,37
Puerto Rico,392,2020,33,37
Puerto Rico,363,2020,34,37
Puerto Rico,261,2020,35,37
Puerto Rico,168,2020,36,37
Puerto Rico,124,2020,37,37
Rhode Island,225,2020,1,37
Rhode Island,201,2020,2,37
Rhode Island,204,2020,3,37
Rhode Island,199,2020,4,37
Rhode Island,220,2020,5,37
Rhode Island,244,2020,6,37
Rhode Island,183,2020,7,37
Rhode Island,205,2020,8,37
Rhode Island,236,2020,9,37
Rhode Island,254,2020,10,37
Rhode Island,195,2020,11,37
Rhode Island,219,2020,12,37
Rhode Island,198,2020,13,37
Rhode Island,236,2020,14,37
Rhode Island,246,2020,15,37
Rhode Island,273,2020,16,37
Rhode Island,297,2020,17,37
Rhode Island,331,2020,18,37
Rhode Island,381,2020,19,37
Rhode Island,301,2020,20,37
Rhode Island,277,2020,21,37
Rhode Island,252,2020,22,37
Rhode Island,241,2020,23,37
Rhode Island,207,2020,24,37
Rhode Island,232,2020,25,37
Rhode Island,201,2020,26,37
Rhode Island,175,2020,27,37
Rhode Island,187,2020,28,37
Rhode Island,187,2020,29,37
Rhode Island,171,2020,30,37
Rhode Island,196,2020,31,37
Rhode Island,202,2020,32,37
Rhode Island,205,2020,33,37
Rhode Island,182,2020,34,37
Rhode Island,159,2020,35,37
Rhode Island,130,2020,36,37
Rhode Island,54,2020,37,37
South Carolina,1085,2020,1,37
South Carolina,1080,2020,2,37
South Carolina,1048,2020,3,37
South Carolina,1033,2020,4,37
South Carolina,1032,2020,5,37
South Carolina,1096,2020,6,37
South Carolina,1003,2020,7,37
South Carolina,1035,2020,8,37
South Carolina,1043,2020,9,37
South Carolina,1132,2020,10,37
South Carolina,1103,2020,11,37
South Carolina,1067,2020,12,37
South Carolina,1037,2020,13,37
South Carolina,1048,2020,14,37
South Carolina,1136,2020,15,37
South Carolina,1049,2020,16,37
South Carolina,1023,2020,17,37
South Carolina,1032,2020,18,37
South Carolina,1061,2020,19,37
South Carolina,1109,2020,20,37
South Carolina,1043,2020,21,37
South Carolina,1047,2020,22,37
South Carolina,1037,2020,23,37
South Carolina,1078,2020,24,37
South Carolina,1051,2020,25,37
South Carolina,1093,2020,26,37
South Carolina,1191,2020,27,37
South Carolina,1209,2020,28,37
South Carolina,1329,2020,29,37
South Carolina,1334,2020,30,37
South Carolina,1313,2020,31,37
South Carolina,1357,2020,32,37
South Carolina,1298,2020,33,37
South Carolina,1147,2020,34,37
South Carolina,1199,2020,35,37
South Carolina,1126,2020,36,37
South Carolina,811,2020,37,37
South Dakota,169,2020,1,37
South Dakota,169,2020,2,37
South Dakota,168,2020,3,37
South Dakota,151,2020,4,37
South Dakota,162,2020,5,37
South Dakota,150,2020,6,37
South Dakota,177,2020,7,37
South Dakota,177,2020,8,37
South Dakota,163,2020,9,37
South Dakota,194,2020,10,37
South Dakota,166,2020,11,37
South Dakota,162,2020,12,37
South Dakota,149,2020,13,37
South Dakota,170,2020,14,37
South Dakota,149,2020,15,37
South Dakota,152,2020,16,37
South Dakota,175,2020,17,37
South Dakota,159,2020,18,37
South Dakota,181,2020,19,37
South Dakota,146,2020,20,37
South Dakota,162,2020,21,37
South Dakota,157,2020,22,37
South Dakota,146,2020,23,37
South Dakota,159,2020,24,37
South Dakota,175,2020,25,37
South Dakota,162,2020,26,37
South Dakota,159,2020,27,37
South Dakota,169,2020,28,37
South Dakota,158,2020,29,37
South Dakota,172,2020,30,37
South Dakota,146,2020,31,37
South Dakota,173,2020,32,37
South Dakota,153,2020,33,37
South Dakota,147,2020,34,37
South Dakota,152,2020,35,37
South Dakota,142,2020,36,37
South Dakota,81,2020,37,37
Tennessee,1613,2020,1,37
Tennessee,1685,2020,2,37
Tennessee,1595,2020,3,37
Tennessee,1530,2020,4,37
Tennessee,1586,2020,5,37
Tennessee,1610,2020,6,37
Tennessee,1452,2020,7,37
Tennessee,1512,2020,8,37
Tennessee,1498,2020,9,37
Tennessee,1607,2020,10,37
Tennessee,1595,2020,11,37
Tennessee,1524,2020,12,37
Tennessee,1521,2020,13,37
Tennessee,1586,2020,14,37
Tennessee,1512,2020,15,37
Tennessee,1536,2020,16,37
Tennessee,1475,2020,17,37
Tennessee,1489,2020,18,37
Tennessee,1482,2020,19,37
Tennessee,1541,2020,20,37
Tennessee,1554,2020,21,37
Tennessee,1459,2020,22,37
Tennessee,1480,2020,23,37
Tennessee,1490,2020,24,37
Tennessee,1558,2020,25,37
Tennessee,1554,2020,26,37
Tennessee,1521,2020,27,37
Tennessee,1612,2020,28,37
Tennessee,1626,2020,29,37
Tennessee,1689,2020,30,37
Tennessee,1681,2020,31,37
Tennessee,1676,2020,32,37
Tennessee,1629,2020,33,37
Tennessee,1623,2020,34,37
Tennessee,1578,2020,35,37
Tennessee,1429,2020,36,37
Tennessee,1250,2020,37,37
Texas,4324,2020,1,37
Texas,4561,2020,2,37
Texas,4250,2020,3,37
Texas,4126,2020,4,37
Texas,4172,2020,5,37
Texas,4318,2020,6,37
Texas,4340,2020,7,37
Texas,4214,2020,8,37
Texas,4144,2020,9,37
Texas,4168,2020,10,37
Texas,4165,2020,11,37
Texas,4246,2020,12,37
Texas,4255,2020,13,37
Texas,4179,2020,14,37
Texas,4260,2020,15,37
Texas,4288,2020,16,37
Texas,4454,2020,17,37
Texas,4254,2020,18,37
Texas,4271,2020,19,37
Texas,4267,2020,20,37
Texas,4244,2020,21,37
Texas,4138,2020,22,37
Texas,4223,2020,23,37
Texas,4381,2020,24,37
Texas,4480,2020,25,37
Texas,4538,2020,26,37
Texas,4985,2020,27,37
Texas,5691,2020,28,37
Texas,6150,2020,29,37
Texas,6184,2020,30,37
Texas,5759,2020,31,37
Texas,5500,2020,32,37
Texas,5461,2020,33,37
Texas,4635,2020,34,37
Texas,4433,2020,35,37
Texas,3575,2020,36,37
Texas,2288,2020,37,37
United States,60094,2020,1,37
United States,60601,2020,2,37
United States,59187,2020,3,37
United States,58784,2020,4,37
United States,58577,2020,5,37
United States,59313,2020,6,37
United States,58707,2020,7,37
United States,58744,2020,8,37
United States,59183,2020,9,37
United States,59543,2020,10,37
United States,58526,2020,11,37
United States,59081,2020,12,37
United States,62924,2020,13,37
United States,72141,2020,14,37
United States,78909,2020,15,37
United States,76573,2020,16,37
United States,73653,2020,17,37
United States,69061,2020,18,37
United States,66613,2020,19,37
United States,64258,2020,20,37
United States,61356,2020,21,37
United States,59402,2020,22,37
United States,58571,2020,23,37
United States,57693,2020,24,37
United States,57554,2020,25,37
United States,58049,2020,26,37
United States,59220,2020,27,37
United States,61060,2020,28,37
United States,61968,2020,29,37
United States,62412,2020,30,37
United States,61485,2020,31,37
United States,61229,2020,32,37
United States,59945,2020,33,37
United States,56955,2020,34,37
United States,53381,2020,35,37
United States,48312,2020,36,37
United States,39558,2020,37,37
Utah,392,2020,1,37
Utah,438,2020,2,37
Utah,409,2020,3,37
Utah,390,2020,4,37
Utah,362,2020,5,37
Utah,312,2020,6,37
Utah,412,2020,7,37
Utah,366,2020,8,37
Utah,395,2020,9,37
Utah,403,2020,10,37
Utah,405,2020,11,37
Utah,410,2020,12,37
Utah,394,2020,13,37
Utah,408,2020,14,37
Utah,380,2020,15,37
Utah,387,2020,16,37
Utah,404,2020,17,37
Utah,379,2020,18,37
Utah,371,2020,19,37
Utah,403,2020,20,37
Utah,374,2020,21,37
Utah,390,2020,22,37
Utah,402,2020,23,37
Utah,387,2020,24,37
Utah,400,2020,25,37
Utah,383,2020,26,37
Utah,438,2020,27,37
Utah,407,2020,28,37
Utah,432,2020,29,37
Utah,435,2020,30,37
Utah,434,2020,31,37
Utah,450,2020,32,37
Utah,448,2020,33,37
Utah,418,2020,34,37
Utah,373,2020,35,37
Utah,357,2020,36,37
Utah,350,2020,37,37
Vermont,92,2020,1,37
Vermont,102,2020,2,37
Vermont,134,2020,3,37
Vermont,119,2020,4,37
Vermont,96,2020,5,37
Vermont,121,2020,6,37
Vermont,126,2020,7,37
Vermont,107,2020,8,37
Vermont,137,2020,9,37
Vermont,115,2020,10,37
Vermont,140,2020,11,37
Vermont,135,2020,12,37
Vermont,128,2020,13,37
Vermont,130,2020,14,37
Vermont,109,2020,15,37
Vermont,129,2020,16,37
Vermont,120,2020,17,37
Vermont,127,2020,18,37
Vermont,112,2020,19,37
Vermont,115,2020,20,37
Vermont,103,2020,21,37
Vermont,131,2020,22,37
Vermont,116,2020,23,37
Vermont,103,2020,24,37
Vermont,90,2020,25,37
Vermont,135,2020,26,37
Vermont,91,2020,27,37
Vermont,112,2020,28,37
Vermont,86,2020,29,37
Vermont,115,2020,30,37
Vermont,119,2020,31,37
Vermont,120,2020,32,37
Vermont,104,2020,33,37
Vermont,117,2020,34,37
Vermont,100,2020,35,37
Vermont,113,2020,36,37
Vermont,105,2020,37,37
Virginia,1428,2020,1,37
Virginia,1534,2020,2,37
Virginia,1420,2020,3,37
Virginia,1280,2020,4,37
Virginia,1422,2020,5,37
Virginia,1524,2020,6,37
Virginia,1376,2020,7,37
Virginia,1443,2020,8,37
Virginia,1386,2020,9,37
Virginia,1479,2020,10,37
Virginia,1435,2020,11,37
Virginia,1453,2020,12,37
Virginia,1517,2020,13,37
Virginia,1467,2020,14,37
Virginia,1619,2020,15,37
Virginia,1599,2020,16,37
Virginia,1629,2020,17,37
Virginia,1668,2020,18,37
Virginia,1590,2020,19,37
Virginia,1565,2020,20,37
Virginia,1462,2020,21,37
Virginia,1443,2020,22,37
Virginia,1408,2020,23,37
Virginia,1421,2020,24,37
Virginia,1290,2020,25,37
Virginia,1453,2020,26,37
Virginia,1388,2020,27,37
Virginia,1478,2020,28,37
Virginia,1380,2020,29,37
Virginia,1451,2020,30,37
Virginia,1446,2020,31,37
Virginia,1487,2020,32,37
Virginia,1419,2020,33,37
Virginia,1407,2020,34,37
Virginia,1376,2020,35,37
Virginia,1288,2020,36,37
Virginia,986,2020,37,37
Washington,1184,2020,1,37
Washington,1244,2020,2,37
Washington,1221,2020,3,37
Washington,1193,2020,4,37
Washington,1198,2020,5,37
Washington,1178,2020,6,37
Washington,1179,2020,7,37
Washington,1115,2020,8,37
Washington,1134,2020,9,37
Washington,1208,2020,10,37
Washington,1165,2020,11,37
Washington,1223,2020,12,37
Washington,1293,2020,13,37
Washington,1305,2020,14,37
Washington,1304,2020,15,37
Washington,1249,2020,16,37
Washington,1230,2020,17,37
Washington,1155,2020,18,37
Washington,1210,2020,19,37
Washington,1138,2020,20,37
Washington,1113,2020,21,37
Washington,1053,2020,22,37
Washington,1052,2020,23,37
Washington,1095,2020,24,37
Washington,1126,2020,25,37
Washington,1081,2020,26,37
Washington,1120,2020,27,37
Washington,1155,2020,28,37
Washington,1174,2020,29,37
Washington,1172,2020,30,37
Washington,1224,2020,31,37
Washington,1220,2020,32,37
Washington,1158,2020,33,37
Washington,1175,2020,34,37
Washington,1089,2020,35,37
Washington,1166,2020,36,37
Washington,892,2020,37,37
West Virginia,470,2020,1,37
West Virginia,491,2020,2,37
West Virginia,518,2020,3,37
West Virginia,439,2020,4,37
West Virginia,479,2020,5,37
West Virginia,479,2020,6,37
West Virginia,472,2020,7,37
West Virginia,466,2020,8,37
West Virginia,456,2020,9,37
West Virginia,482,2020,10,37
West Virginia,471,2020,11,37
West Virginia,468,2020,12,37
West Virginia,487,2020,13,37
West Virginia,451,2020,14,37
West Virginia,492,2020,15,37
West Virginia,368,2020,16,37
West Virginia,426,2020,17,37
West Virginia,451,2020,18,37
West Virginia,440,2020,19,37
West Virginia,468,2020,20,37
West Virginia,431,2020,21,37
West Virginia,404,2020,22,37
West Virginia,388,2020,23,37
West Virginia,437,2020,24,37
West Virginia,409,2020,25,37
West Virginia,449,2020,26,37
West Virginia,412,2020,27,37
West Virginia,417,2020,28,37
West Virginia,411,2020,29,37
West Virginia,469,2020,30,37
West Virginia,421,2020,31,37
West Virginia,419,2020,32,37
West Virginia,330,2020,33,37
West Virginia,217,2020,34,37
West Virginia,91,2020,35,37
West Virginia,28,2020,36,37
West Virginia,,2020,37,37
Wisconsin,1118,2020,1,37
Wisconsin,1060,2020,2,37
Wisconsin,1133,2020,3,37
Wisconsin,1086,2020,4,37
Wisconsin,1176,2020,5,37
Wisconsin,1054,2020,6,37
Wisconsin,1125,2020,7,37
Wisconsin,1161,2020,8,37
Wisconsin,1136,2020,9,37
Wisconsin,1116,2020,10,37
Wisconsin,1105,2020,11,37
Wisconsin,1114,2020,12,37
Wisconsin,1146,2020,13,37
Wisconsin,1221,2020,14,37
Wisconsin,1170,2020,15,37
Wisconsin,1150,2020,16,37
Wisconsin,1026,2020,17,37
Wisconsin,1162,2020,18,37
Wisconsin,1080,2020,19,37
Wisconsin,1022,2020,20,37
Wisconsin,1075,2020,21,37
Wisconsin,1138,2020,22,37
Wisconsin,1043,2020,23,37
Wisconsin,1025,2020,24,37
Wisconsin,1084,2020,25,37
Wisconsin,1032,2020,26,37
Wisconsin,1066,2020,27,37
Wisconsin,1047,2020,28,37
Wisconsin,1034,2020,29,37
Wisconsin,1098,2020,30,37
Wisconsin,1054,2020,31,37
Wisconsin,1090,2020,32,37
Wisconsin,1114,2020,33,37
Wisconsin,1050,2020,34,37
Wisconsin,1041,2020,35,37
Wisconsin,942,2020,36,37
Wisconsin,845,2020,37,37
Wyoming,144,2020,1,37
Wyoming,81,2020,2,37
Wyoming,103,2020,3,37
Wyoming,96,2020,4,37
Wyoming,94,2020,5,37
Wyoming,97,2020,6,37
Wyoming,75,2020,7,37
Wyoming,101,2020,8,37
Wyoming,100,2020,9,37
Wyoming,80,2020,10,37
Wyoming,85,2020,11,37
Wyoming,117,2020,12,37
Wyoming,88,2020,13,37
Wyoming,123,2020,14,37
Wyoming,102,2020,15,37
Wyoming,89,2020,16,37
Wyoming,98,2020,17,37
Wyoming,68,2020,18,37
Wyoming,83,2020,19,37
Wyoming,101,2020,20,37
Wyoming,96,2020,21,37
Wyoming,84,2020,22,37
Wyoming,105,2020,23,37
Wyoming,96,2020,24,37
Wyoming,93,2020,25,37
Wyoming,89,2020,26,37
Wyoming,102,2020,27,37
Wyoming,104,2020,28,37
Wyoming,101,2020,29,37
Wyoming,93,2020,30,37
Wyoming,90,2020,31,37
Wyoming,106,2020,32,37
Wyoming,109,2020,33,37
Wyoming,94,2020,34,37
Wyoming,81,2020,35,37
Wyoming,93,2020,36,37
Wyoming,82,2020,37,37
